dataset,variant,macro_f1,accuracy
kenya,current,0.3408457096809394,0.51440329218107
tanzania,current,0.03125,0.0196078431372549
