Dataset,embeddings_only,retrieval_augmented,delta_accuracy
tanzania,0.9338168631006346,0.9301903898458748,-0.0036264732547598433
