accuracy,macro_f1,weighted_f1
0.5,0.27546489411748337,0.44621663241717574
