accuracy,macro_f1,weighted_f1,macro_roc_auc,n_test
0.51440329218107,0.3408457096809394,0.48498023744717494,0.7981439599822548,486
