accuracy,macro_f1,weighted_f1,macro_roc_auc,n_test
0.0196078431372549,0.03125,0.029411764705882353,0.5833975464538643,51
