accuracy,macro_f1,weighted_f1,macro_roc_auc,n_test
0.9356300997280145,0.179207376390475,0.906558493676852,0.9232761828296431,1103
