metric,value,p_value
spearman_rho,-0.07828835764084786,0.10296663570687566
