test,stat,p_value
kruskal_true_outcome,3.6474119689308453,0.6012089456632482
