,n,mean_days,median_days,p25,p75,max
incorrect(0),56.0,25.017857142857142,14.0,6.75,31.75,100.0
correct(1),379.0,33.32981530343008,18.0,4.0,45.0,732.0
